customer_id,customer_name
1001,Keystone Builders Ltd
1002,Legacy Construction Inc
1003,Majestic Constructions
1004,Nexus Infrastructure Co
1005,OmniBuild Ltd
1006,Pinnacle Builders Group
1007,Quantum Constructions
1008,RedRock Constructions
1009,Skyline Builders Ltd
1010,Titan Construction Co
1011,sal Builders Inc
1012,Vista Construction Group
1013,Western Construction Ltd
1014,YellowStone Builders Co
1015,Zenith Constructions LLC
1016,Apex Construction Group
1017,Bridgeway Builders
1018,Continental Construction
1019,Dominion Builders Inc
1020,Empire Construction Co
1021,Frontier Builders LLC
1022,Galaxy Construction Ltd
1023,Harmony Builders Inc
1024,Imperial Constructions
1025,Jupiter Builders Group
1026,Knight Construction Co
1027,Landmark Builders Ltd
1028,Maverick Constructions
1029,NorthStar Builders Inc
1030,Olympus Construction Co
1031,Pacific Builders Group
1032,Quantum Construction Inc
1033,Renaissance Builders Ltd
1034,Summit Construction Co
1035,Titan Builders Group
1036,Urban Builders LLC
1037,Victory Construction Inc
1038,Westward Builders Ltd
1039,Zenith Builders Group
1040,Alpha Construction Ltd